{"cameraMode":{"drawMode":0,"name":"Shaded","section":"Shading Mode"},"sceneLighting":true,"audioPlay":false,"sceneViewState":{"m_AlwaysRefresh":false,"showFog":true,"showSkybox":true,"showFlares":true,"showImageEffects":true,"showParticleSystems":true,"showVisualEffectGraphs":true,"m_FxEnabled":true},"in2DMode":false,"pivot":{"x":2.6948344707489015,"y":-0.6637575626373291,"z":1.9875348806381226},"rotation":{"x":0.20068557560443879,"y":0.48905596137046816,"z":-0.11677064746618271,"w":0.8408415913581848},"size":2.36602520942688,"orthographic":false}